{"cameraMode":{"drawMode":0,"name":"Shaded","section":"Shading Mode"},"sceneLighting":false,"audioPlay":false,"sceneViewState":{"m_AlwaysRefresh":false,"showFog":false,"showSkybox":false,"showFlares":false,"showImageEffects":false,"showParticleSystems":false,"showVisualEffectGraphs":true,"m_FxEnabled":true},"in2DMode":false,"pivot":{"x":-0.33597704768180849,"y":2.9493958950042726,"z":-2.5951266288757326},"rotation":{"x":-0.0009162925416603684,"y":-0.9960082769393921,"z":-0.08866108953952789,"w":0.006425391882658005},"size":2.7890665531158449,"orthographic":false}