{"cameraMode":{"drawMode":0,"name":"Shaded","section":"Shading Mode"},"sceneLighting":false,"audioPlay":false,"sceneViewState":{"m_AlwaysRefresh":false,"showFog":true,"showSkybox":false,"showFlares":true,"showImageEffects":true,"showParticleSystems":true,"showVisualEffectGraphs":true,"m_FxEnabled":true},"in2DMode":false,"pivot":{"x":-13.101120948791504,"y":0.6129300594329834,"z":6.7293477058410648},"rotation":{"x":0.010901135392487049,"y":0.5825663805007935,"z":0.007423835340887308,"w":-0.8126051425933838},"size":9.223344802856446,"orthographic":false}