{"cameraMode":{"drawMode":0,"name":"Shaded","section":"Shading Mode"},"sceneLighting":false,"audioPlay":false,"sceneViewState":{"m_AlwaysRefresh":false,"showFog":true,"showSkybox":false,"showFlares":true,"showImageEffects":true,"showParticleSystems":true,"showVisualEffectGraphs":true,"m_FxEnabled":true},"in2DMode":false,"pivot":{"x":0.01742956042289734,"y":0.04195915162563324,"z":0.13489499688148499},"rotation":{"x":-0.0014517917297780514,"y":-0.9010378122329712,"z":0.0026414156891405584,"w":-0.4336146414279938},"size":0.8311396837234497,"orthographic":false}