{"cameraMode":{"drawMode":0,"name":"Shaded","section":"Shading Mode"},"sceneLighting":false,"audioPlay":false,"sceneViewState":{"m_AlwaysRefresh":false,"showFog":true,"showSkybox":false,"showFlares":true,"showImageEffects":true,"showParticleSystems":true,"showVisualEffectGraphs":true,"m_FxEnabled":true},"in2DMode":false,"pivot":{"x":106.84272003173828,"y":1.1200000047683716,"z":46.094017028808597},"rotation":{"x":0.09274894744157791,"y":0.30432257056236269,"z":-0.02957732230424881,"w":0.9475122690200806},"size":1.2453505992889405,"orthographic":false}