{"cameraMode":{"drawMode":0,"name":"Shaded","section":"Shading Mode"},"sceneLighting":false,"audioPlay":false,"sceneViewState":{"m_AlwaysRefresh":false,"showFog":true,"showSkybox":false,"showFlares":true,"showImageEffects":true,"showParticleSystems":true,"showVisualEffectGraphs":true,"m_FxEnabled":true},"in2DMode":false,"pivot":{"x":109.7699966430664,"y":0.6700000166893005,"z":50.869998931884769},"rotation":{"x":0.010879825800657273,"y":0.9889389276504517,"z":-0.11622875183820725,"w":0.09075872600078583},"size":0.4330126941204071,"orthographic":false}