{"cameraMode":{"drawMode":0,"name":"Shaded","section":"Shading Mode"},"sceneLighting":false,"audioPlay":false,"sceneViewState":{"m_AlwaysRefresh":false,"showFog":true,"showSkybox":false,"showFlares":true,"showImageEffects":true,"showParticleSystems":true,"showVisualEffectGraphs":true,"m_FxEnabled":true},"in2DMode":false,"pivot":{"x":2.986215591430664,"y":-6.525291442871094,"z":-9.936376571655274},"rotation":{"x":0.008453484624624253,"y":0.9894342422485352,"z":-0.12986218929290772,"w":0.06332989782094956},"size":14.860950469970704,"orthographic":false}