{"cameraMode":{"drawMode":0,"name":"Shaded","section":"Shading Mode"},"sceneLighting":false,"audioPlay":false,"sceneViewState":{"m_AlwaysRefresh":false,"showFog":true,"showSkybox":false,"showFlares":true,"showImageEffects":true,"showParticleSystems":true,"showVisualEffectGraphs":true,"m_FxEnabled":true},"in2DMode":false,"pivot":{"x":-2.014345407485962,"y":0.19433380663394929,"z":0.5316867232322693},"rotation":{"x":0.03264397755265236,"y":0.8662407398223877,"z":-0.056627437472343448,"w":0.49522027373313906},"size":0.29673856496810915,"orthographic":false}