{"cameraMode":{"drawMode":0,"name":"Shaded","section":"Shading Mode"},"sceneLighting":false,"audioPlay":false,"sceneViewState":{"m_AlwaysRefresh":false,"showFog":false,"showSkybox":false,"showFlares":false,"showImageEffects":false,"showParticleSystems":false,"showVisualEffectGraphs":true,"m_FxEnabled":true},"in2DMode":false,"pivot":{"x":0.002209344180300832,"y":0.02338387630879879,"z":0.05524410307407379},"rotation":{"x":-0.000506892625708133,"y":-0.9994075894355774,"z":-0.005070450250059366,"w":0.03317215293645859},"size":-0.0026081856340169908,"orthographic":false}