{"cameraMode":{"drawMode":0,"name":"Shaded","section":"Shading Mode"},"sceneLighting":false,"audioPlay":false,"sceneViewState":{"m_AlwaysRefresh":false,"showFog":true,"showSkybox":false,"showFlares":true,"showImageEffects":true,"showParticleSystems":true,"showVisualEffectGraphs":true,"m_FxEnabled":true},"in2DMode":false,"pivot":{"x":-2.2541933059692385,"y":-8.103728294372559,"z":-74.90279388427735},"rotation":{"x":0.0053422278724610809,"y":0.9918466210365295,"z":-0.11989832669496536,"w":0.04141763225197792},"size":2.801175594329834,"orthographic":false}