{"cameraMode":{"drawMode":0,"name":"Shaded","section":"Shading Mode"},"sceneLighting":false,"audioPlay":false,"sceneViewState":{"m_AlwaysRefresh":false,"showFog":false,"showSkybox":false,"showFlares":false,"showImageEffects":false,"showParticleSystems":false,"showVisualEffectGraphs":true,"m_FxEnabled":true},"in2DMode":false,"pivot":{"x":0.8156354427337647,"y":0.9362449049949646,"z":-0.26513078808784487},"rotation":{"x":-0.0027015472296625377,"y":0.9961127638816834,"z":-0.0356019102036953,"w":-0.07991274446249008},"size":1.1885751485824586,"orthographic":false}