{"cameraMode":{"drawMode":0,"name":"Shaded","section":"Shading Mode"},"sceneLighting":false,"audioPlay":false,"sceneViewState":{"m_AlwaysRefresh":false,"showFog":true,"showSkybox":false,"showFlares":true,"showImageEffects":true,"showParticleSystems":true,"showVisualEffectGraphs":true,"m_FxEnabled":true},"in2DMode":false,"pivot":{"x":102.2735824584961,"y":9.382792472839356,"z":40.10396957397461},"rotation":{"x":0.0017027980647981167,"y":0.9931438565254211,"z":-0.11583658307790756,"w":0.011965914629399777},"size":0.17776258289813996,"orthographic":false}